-- MySQL Script generated by MySQL Workbench
-- Tue Nov  3 10:34:59 2015
-- Model: New Model    Version: 1.0
-- MySQL Workbench Forward Engineering

SET @OLD_UNIQUE_CHECKS=@@UNIQUE_CHECKS, UNIQUE_CHECKS=0;
SET @OLD_FOREIGN_KEY_CHECKS=@@FOREIGN_KEY_CHECKS, FOREIGN_KEY_CHECKS=0;
SET @OLD_SQL_MODE=@@SQL_MODE, SQL_MODE='TRADITIONAL,ALLOW_INVALID_DATES';

-- -----------------------------------------------------
-- Schema kmctigue_lis4381
-- -----------------------------------------------------
DROP SCHEMA IF EXISTS `kmctigue_lis4381` ;

-- -----------------------------------------------------
-- Schema kmctigue_lis4381
-- -----------------------------------------------------
CREATE SCHEMA IF NOT EXISTS `kmctigue_lis4381` DEFAULT CHARACTER SET utf8 COLLATE utf8_general_ci ;
SHOW WARNINGS;
USE `kmctigue_lis4381` ;

-- -----------------------------------------------------
-- Table `kmctigue_lis4381`.`petstore`
-- -----------------------------------------------------
DROP TABLE IF EXISTS `kmctigue_lis4381`.`petstore` ;

SHOW WARNINGS;
CREATE TABLE IF NOT EXISTS `kmctigue_lis4381`.`petstore` (
  `pst_id` INT UNSIGNED NOT NULL,
  `pst_name` VARCHAR(30) NOT NULL,
  `pst_street` VARCHAR(30) NOT NULL,
  `pst_city` VARCHAR(30) NOT NULL,
  `pst_state` CHAR(2) NOT NULL,
  `pst_zip` INT(9) UNSIGNED NOT NULL,
  `pst_phone` VARCHAR(45) NOT NULL,
  `pst_email` VARCHAR(100) NOT NULL,
  `pst_url` VARCHAR(100) NOT NULL,
  `pst_ytd_sales` DECIMAL(10,2) NOT NULL,
  `pst_notes` VARCHAR(255) NULL,
  PRIMARY KEY (`pst_id`))
ENGINE = InnoDB;

SHOW WARNINGS;

-- -----------------------------------------------------
-- Table `kmctigue_lis4381`.`customer`
-- -----------------------------------------------------
DROP TABLE IF EXISTS `kmctigue_lis4381`.`customer` ;

SHOW WARNINGS;
CREATE TABLE IF NOT EXISTS `kmctigue_lis4381`.`customer` (
  `cus_id` INT UNSIGNED NOT NULL,
  `cus_fname` VARCHAR(15) NOT NULL,
  `cus_lname` VARCHAR(30) NOT NULL,
  `cus_street` VARCHAR(30) NOT NULL,
  `cus_city` VARCHAR(30) NOT NULL,
  `cus_state` CHAR(2) NOT NULL,
  `cus_zip` INT(9) UNSIGNED NOT NULL,
  `cus_phone` VARCHAR(45) NOT NULL,
  `cus_email` VARCHAR(100) NOT NULL,
  `cus_balance` DECIMAL(6,2) NOT NULL,
  `cus_total_sales` DECIMAL(6,2) NOT NULL,
  `cus_notes` VARCHAR(255) NULL,
  PRIMARY KEY (`cus_id`))
ENGINE = InnoDB;

SHOW WARNINGS;

-- -----------------------------------------------------
-- Table `kmctigue_lis4381`.`pet`
-- -----------------------------------------------------
DROP TABLE IF EXISTS `kmctigue_lis4381`.`pet` ;

SHOW WARNINGS;
CREATE TABLE IF NOT EXISTS `kmctigue_lis4381`.`pet` (
  `pet_id` INT UNSIGNED NOT NULL,
  `pst_id` INT UNSIGNED NOT NULL,
  `cus_id` INT UNSIGNED NULL,
  `pet_type` VARCHAR(45) NOT NULL,
  `pet_sex` ENUM('y','n') NOT NULL,
  `pet_cost` DECIMAL(6,2) NOT NULL,
  `pet_price` DECIMAL(6,2) NOT NULL,
  `pet_age` VARCHAR(45) NOT NULL,
  `pet_color` VARCHAR(30) NOT NULL,
  `pet_sale_date` DATE NULL,
  `pet_vaccine` ENUM('y','n') NOT NULL,
  `pet_neuter` ENUM('y','n') NOT NULL,
  `pet_notes` VARCHAR(255) NULL,
  PRIMARY KEY (`pet_id`),
  INDEX `fk_pet_petstore_idx` (`pst_id` ASC),
  INDEX `fk_pet_customer1_idx` (`cus_id` ASC),
  CONSTRAINT `fk_pet_petstore`
    FOREIGN KEY (`pst_id`)
    REFERENCES `kmctigue_lis4381`.`petstore` (`pst_id`)
    ON DELETE NO ACTION
    ON UPDATE NO ACTION,
  CONSTRAINT `fk_pet_customer1`
    FOREIGN KEY (`cus_id`)
    REFERENCES `kmctigue_lis4381`.`customer` (`cus_id`)
    ON DELETE NO ACTION
    ON UPDATE NO ACTION)
ENGINE = InnoDB;

SHOW WARNINGS;

SET SQL_MODE=@OLD_SQL_MODE;
SET FOREIGN_KEY_CHECKS=@OLD_FOREIGN_KEY_CHECKS;
SET UNIQUE_CHECKS=@OLD_UNIQUE_CHECKS;

-- -----------------------------------------------------
-- Data for table `kmctigue_lis4381`.`petstore`
-- -----------------------------------------------------
START TRANSACTION;
USE `kmctigue_lis4381`;
INSERT INTO `kmctigue_lis4381`.`petstore` (`pst_id`, `pst_name`, `pst_street`, `pst_city`, `pst_state`, `pst_zip`, `pst_phone`, `pst_email`, `pst_url`, `pst_ytd_sales`, `pst_notes`) VALUES (1, 'Bob\'s Tarantulas', '123 Sharon Rd', 'Tallahassee', 'FL', 323456789, '850-728-2932', 'bobsts@tarantulas.com', 'www.bobstarantulas.com', 325000, 'new');
INSERT INTO `kmctigue_lis4381`.`petstore` (`pst_id`, `pst_name`, `pst_street`, `pst_city`, `pst_state`, `pst_zip`, `pst_phone`, `pst_email`, `pst_url`, `pst_ytd_sales`, `pst_notes`) VALUES (2, 'Kitten\'s R not US', '1478 Appalachee Pkwy', 'Orlando', 'FL', 434655345, '321-456-7890', 'kittens@orlando.com', 'www.kittensrus.com', 23465, NULL);
INSERT INTO `kmctigue_lis4381`.`petstore` (`pst_id`, `pst_name`, `pst_street`, `pst_city`, `pst_state`, `pst_zip`, `pst_phone`, `pst_email`, `pst_url`, `pst_ytd_sales`, `pst_notes`) VALUES (3, 'PetsMart', '123 Capitol Circle NW', 'Tallahassee', 'FL', 123456789, '850-572-3528', 'petsmart@tally.net', 'petsmart.com', 4567888, NULL);
INSERT INTO `kmctigue_lis4381`.`petstore` (`pst_id`, `pst_name`, `pst_street`, `pst_city`, `pst_state`, `pst_zip`, `pst_phone`, `pst_email`, `pst_url`, `pst_ytd_sales`, `pst_notes`) VALUES (4, 'Petco', '344 E Adams Ave', 'Venus', 'NC', 435723485, '857-254-6556', 'store456@petco.com', 'petco.com', 457888, NULL);
INSERT INTO `kmctigue_lis4381`.`petstore` (`pst_id`, `pst_name`, `pst_street`, `pst_city`, `pst_state`, `pst_zip`, `pst_phone`, `pst_email`, `pst_url`, `pst_ytd_sales`, `pst_notes`) VALUES (5, 'Pets R Us', '467 Capslock Pkwy', 'Banbridge', 'GA', 345098744, '467-245-1778', 'petrus@petsrus.com', 'petsrus.com', 3579098, NULL);
INSERT INTO `kmctigue_lis4381`.`petstore` (`pst_id`, `pst_name`, `pst_street`, `pst_city`, `pst_state`, `pst_zip`, `pst_phone`, `pst_email`, `pst_url`, `pst_ytd_sales`, `pst_notes`) VALUES (6, 'Place You Can Buy Pets', '482 Buttz Pkwy NE', 'Portland', 'OR', 378900521, '748-348-9882', 'info@pycbp.com', 'pycbp.com', 8300199, NULL);
INSERT INTO `kmctigue_lis4381`.`petstore` (`pst_id`, `pst_name`, `pst_street`, `pst_city`, `pst_state`, `pst_zip`, `pst_phone`, `pst_email`, `pst_url`, `pst_ytd_sales`, `pst_notes`) VALUES (7, 'Calling All Pets', '6552 Trail Road Ct', 'Panama Beach', 'FL', 266889008, '345-123-7889', 'info@callingallpets.com', 'callingallpets.com', 3000911, 'new');
INSERT INTO `kmctigue_lis4381`.`petstore` (`pst_id`, `pst_name`, `pst_street`, `pst_city`, `pst_state`, `pst_zip`, `pst_phone`, `pst_email`, `pst_url`, `pst_ytd_sales`, `pst_notes`) VALUES (8, 'Nihilist Pet Store', '666 Life Doesnt Matter Dr', 'Death Valley', 'UT', 355788999, '666-666-6666', 'dontemailus@ldm.com', 'youareinsignificantandshouldntownapet.org', 5, 'failing');
INSERT INTO `kmctigue_lis4381`.`petstore` (`pst_id`, `pst_name`, `pst_street`, `pst_city`, `pst_state`, `pst_zip`, `pst_phone`, `pst_email`, `pst_url`, `pst_ytd_sales`, `pst_notes`) VALUES (9, 'Birds Unlimited', '123 Birds Doh Ct', 'New York', 'NY', 344667788, '739-235-7474', 'birds@unlimited.com', 'unlimited.com', 4523535, NULL);
INSERT INTO `kmctigue_lis4381`.`petstore` (`pst_id`, `pst_name`, `pst_street`, `pst_city`, `pst_state`, `pst_zip`, `pst_phone`, `pst_email`, `pst_url`, `pst_ytd_sales`, `pst_notes`) VALUES (10, 'Reptiles Co', '1257 Playground Ave', 'Housten', 'TX', 454557788, '546-245-6442', 'info@reptilesco.com', 'reptilesco.com', 23567, NULL);

COMMIT;


-- -----------------------------------------------------
-- Data for table `kmctigue_lis4381`.`customer`
-- -----------------------------------------------------
START TRANSACTION;
USE `kmctigue_lis4381`;
INSERT INTO `kmctigue_lis4381`.`customer` (`cus_id`, `cus_fname`, `cus_lname`, `cus_street`, `cus_city`, `cus_state`, `cus_zip`, `cus_phone`, `cus_email`, `cus_balance`, `cus_total_sales`, `cus_notes`) VALUES (2, 'Katie', 'McTigue', '1503 Sharon Rd', 'Tallahassee', 'FL', 323030303, '850-728-2932', 'katie@tallahasseeballet.org', 20, 1244, NULL);
INSERT INTO `kmctigue_lis4381`.`customer` (`cus_id`, `cus_fname`, `cus_lname`, `cus_street`, `cus_city`, `cus_state`, `cus_zip`, `cus_phone`, `cus_email`, `cus_balance`, `cus_total_sales`, `cus_notes`) VALUES (4, 'Ben', 'Krock', '609 W 8th Ave', 'Tallahassee', 'FL', 332306778, '840-572-3528', 'ben@memcpas.com', 0, 130, NULL);
INSERT INTO `kmctigue_lis4381`.`customer` (`cus_id`, `cus_fname`, `cus_lname`, `cus_street`, `cus_city`, `cus_state`, `cus_zip`, `cus_phone`, `cus_email`, `cus_balance`, `cus_total_sales`, `cus_notes`) VALUES (5, 'Emily ', 'Backes', '357 Cornerstone Tr', 'Bluestone Park', 'VA', 456799002, '745-234-7658', 'emily@clc.org', 23, 24, NULL);
INSERT INTO `kmctigue_lis4381`.`customer` (`cus_id`, `cus_fname`, `cus_lname`, `cus_street`, `cus_city`, `cus_state`, `cus_zip`, `cus_phone`, `cus_email`, `cus_balance`, `cus_total_sales`, `cus_notes`) VALUES (6, 'Chente', 'Ortiz', '646 Reptiles Tr', 'Blue City', 'NC', 234567899, '345-235-4657', 'chente@chenteortiz.com', 0, 13, 'reptiles collector');
INSERT INTO `kmctigue_lis4381`.`customer` (`cus_id`, `cus_fname`, `cus_lname`, `cus_street`, `cus_city`, `cus_state`, `cus_zip`, `cus_phone`, `cus_email`, `cus_balance`, `cus_total_sales`, `cus_notes`) VALUES (9, 'Gregory', 'Velazquez', '255 Blue Moon Tr', 'Housten', 'NM', 876902988, '345-234-1323', 'blc12@my.fsu.edu', 0, 345, NULL);
INSERT INTO `kmctigue_lis4381`.`customer` (`cus_id`, `cus_fname`, `cus_lname`, `cus_street`, `cus_city`, `cus_state`, `cus_zip`, `cus_phone`, `cus_email`, `cus_balance`, `cus_total_sales`, `cus_notes`) VALUES (3, 'Melanie', 'Hispona', '1246 Claude Picahrd Tr', 'Tallahassee ', 'FL', 235677778, '345-654-4355', 'melanie@klflsdjf.com', 54, 1245, NULL);
INSERT INTO `kmctigue_lis4381`.`customer` (`cus_id`, `cus_fname`, `cus_lname`, `cus_street`, `cus_city`, `cus_state`, `cus_zip`, `cus_phone`, `cus_email`, `cus_balance`, `cus_total_sales`, `cus_notes`) VALUES (7, 'Melina', 'Mueller', '1234 lsdfs Dr', 'Berlin', 'GA', 232346778, '234-436-2345', 'melina@ilsjf.com', 23, 234, NULL);
INSERT INTO `kmctigue_lis4381`.`customer` (`cus_id`, `cus_fname`, `cus_lname`, `cus_street`, `cus_city`, `cus_state`, `cus_zip`, `cus_phone`, `cus_email`, `cus_balance`, `cus_total_sales`, `cus_notes`) VALUES (1, 'Albert', 'Toche', '2346 Folkstone Rd', 'Palatka', 'FL', 324567784, '234-453-2355', 'toche2@gmail.com', 0, 234, NULL);
INSERT INTO `kmctigue_lis4381`.`customer` (`cus_id`, `cus_fname`, `cus_lname`, `cus_street`, `cus_city`, `cus_state`, `cus_zip`, `cus_phone`, `cus_email`, `cus_balance`, `cus_total_sales`, `cus_notes`) VALUES (8, 'Jackie', 'Huth', '2134 Bayside Pl', 'New Orleans', 'LA', 343526667, '213-324-3456', 'huthj@yahoo.com', 0, 24, 'likes birds');
INSERT INTO `kmctigue_lis4381`.`customer` (`cus_id`, `cus_fname`, `cus_lname`, `cus_street`, `cus_city`, `cus_state`, `cus_zip`, `cus_phone`, `cus_email`, `cus_balance`, `cus_total_sales`, `cus_notes`) VALUES (10, 'Gabbi', 'Suarez', '124 Kappa Dr', 'Tallahassee', 'FL', 232356788, '123-432-3456', 'glc23c@my.fsu.edu', 0, 234, NULL);

COMMIT;


-- -----------------------------------------------------
-- Data for table `kmctigue_lis4381`.`pet`
-- -----------------------------------------------------
START TRANSACTION;
USE `kmctigue_lis4381`;
INSERT INTO `kmctigue_lis4381`.`pet` (`pet_id`, `pst_id`, `cus_id`, `pet_type`, `pet_sex`, `pet_cost`, `pet_price`, `pet_age`, `pet_color`, `pet_sale_date`, `pet_vaccine`, `pet_neuter`, `pet_notes`) VALUES (1, 2, 8, 'Pug', 'f', 30.00, 250.00, '1', 'brown', '2014-05-06', 'y', 'y', NULL);
INSERT INTO `kmctigue_lis4381`.`pet` (`pet_id`, `pst_id`, `cus_id`, `pet_type`, `pet_sex`, `pet_cost`, `pet_price`, `pet_age`, `pet_color`, `pet_sale_date`, `pet_vaccine`, `pet_neuter`, `pet_notes`) VALUES (3, 5, 1, 'Kitten', 'm', 20.00, 100.00, '2', 'yellow', '2015-03-05', 'y', 'n', NULL);
INSERT INTO `kmctigue_lis4381`.`pet` (`pet_id`, `pst_id`, `cus_id`, `pet_type`, `pet_sex`, `pet_cost`, `pet_price`, `pet_age`, `pet_color`, `pet_sale_date`, `pet_vaccine`, `pet_neuter`, `pet_notes`) VALUES (4, 3, 7, 'Parrot', 'm', 30.00, 90.50, '3', 'green and blue', NULL, 'n', 'n', NULL);
INSERT INTO `kmctigue_lis4381`.`pet` (`pet_id`, `pst_id`, `cus_id`, `pet_type`, `pet_sex`, `pet_cost`, `pet_price`, `pet_age`, `pet_color`, `pet_sale_date`, `pet_vaccine`, `pet_neuter`, `pet_notes`) VALUES (9, 6, 6, 'American Bulldog', 'f', 45.00, 350.00, '1', 'brown', '2014-02-06', 'y', 'y', NULL);
INSERT INTO `kmctigue_lis4381`.`pet` (`pet_id`, `pst_id`, `cus_id`, `pet_type`, `pet_sex`, `pet_cost`, `pet_price`, `pet_age`, `pet_color`, `pet_sale_date`, `pet_vaccine`, `pet_neuter`, `pet_notes`) VALUES (6, 9, 4, 'Black Lab', 'm', 30.00, 75.00, '1', 'black', '2015-01-07', 'y', 'y', NULL);
INSERT INTO `kmctigue_lis4381`.`pet` (`pet_id`, `pst_id`, `cus_id`, `pet_type`, `pet_sex`, `pet_cost`, `pet_price`, `pet_age`, `pet_color`, `pet_sale_date`, `pet_vaccine`, `pet_neuter`, `pet_notes`) VALUES (7, 7, 3, 'Boxer', 'm', 30.00, 95.50, '1', 'grey', '2014-08-09', 'y', 'y', NULL);
INSERT INTO `kmctigue_lis4381`.`pet` (`pet_id`, `pst_id`, `cus_id`, `pet_type`, `pet_sex`, `pet_cost`, `pet_price`, `pet_age`, `pet_color`, `pet_sale_date`, `pet_vaccine`, `pet_neuter`, `pet_notes`) VALUES (2, 1, 3, 'Parakeet', 'f', 5.00, 35.00, '0', 'yellow', NULL, 'n', 'n', 'wings clipped');
INSERT INTO `kmctigue_lis4381`.`pet` (`pet_id`, `pst_id`, `cus_id`, `pet_type`, `pet_sex`, `pet_cost`, `pet_price`, `pet_age`, `pet_color`, `pet_sale_date`, `pet_vaccine`, `pet_neuter`, `pet_notes`) VALUES (5, 1, 3, 'African Grey Parrot', 'm', 30.00, 125.50, '5', 'grey', '2015-05-07', 'n', 'n', NULL);
INSERT INTO `kmctigue_lis4381`.`pet` (`pet_id`, `pst_id`, `cus_id`, `pet_type`, `pet_sex`, `pet_cost`, `pet_price`, `pet_age`, `pet_color`, `pet_sale_date`, `pet_vaccine`, `pet_neuter`, `pet_notes`) VALUES (8, 2, 2, 'Kitten', 'f', 15.00, 150.00, '0', 'orange', NULL, 'y', 'y', NULL);
INSERT INTO `kmctigue_lis4381`.`pet` (`pet_id`, `pst_id`, `cus_id`, `pet_type`, `pet_sex`, `pet_cost`, `pet_price`, `pet_age`, `pet_color`, `pet_sale_date`, `pet_vaccine`, `pet_neuter`, `pet_notes`) VALUES (10, 9, 4, 'Goldfish', 'm', 2.00, 6.00, '0', 'orange', '2015-03-06', 'n', 'n', NULL);

COMMIT;

